{
    "name": "用户组升级增强版",
    "brief": "本插件可设置用户升级方式有 积分 、积分+发帖 、积分+发帖+回帖 、发帖所得积分 、回帖所得积分 、每日首帖奖励等。<br>插件为<a target='_blank' href='http://cha.sgahz.net/'>查鸽信息网</a>制作。<br>联系QQ：5886425",
    "version": "1.5",
    "bbs_version": "4.0",
    "installed": 0,
    "enable": 0,
    "hooks_rank": {
        "thread_create_thread_end.php": -100
    },
    "dependencies": []
}