{
    "name": "小白主题：五彩斑斓的黑",
    "brief": "这是我的第一个主题，做的不好还望见谅。五彩斑斓的黑，基于官方暗调主题修改而来，向xiuno作者致敬，将部分色调修改为透明或半透明，并使用一张webp格式渐变图，缩短加载时间，并在多数常用css后注释标签作用，方便后续修改完善。",
    "version": "1.0",
    "bbs_version": "4.0",
    "installed": 0,
    "enable": 0,
    "hooks_rank": [],
    "dependencies": []
}