{
    "name": "官方主题：红色风格",
    "brief": "本来想向某位科技公司致敬的（我本人很敬重其创始人），但考虑到该公司的创始人版权意识很强，为了避免不要的麻烦，还是自己学习某人生导师教导的搞微创新吧。这个主题风格之花了大概十分钟，配置下 scss 几个文件，重新使用 auto.cmd 编译下就出来了，建议有开发能力的基于此风格二次修改。",
    "version": "1.1",
    "bbs_version": "4.0",
    "installed": 0,
    "enable": 0,
    "hooks_rank": [],
    "dependencies": []
}